Workbook
Name _xlchart.v1.0: 'LIQUIRIZIA MF'!$D$1
Name _xlchart.v1.1: 'LIQUIRIZIA MF'!$E$2
Name _xlchart.v1.3: 'LIQUIRIZIA MF'!$E$2
Name _xlchart.v1.2: 'LIQUIRIZIA MF'!$D$1

Sheet LIQUIRIZIA MF
A1: data | B1: carico | C1: scarico | D1: esistenza | E1: LIQUIRIZIA MF (matrin free) %
A2: 43313 | B2: 5000 | D2: 5960 | E2: 0
A3: 43314
A4: 43315
A5: 43316
A6: 43317
A7: 43318
A8: 43319
A9: 43320
A10: 43321
A11: 43322
A12: 43323
A13: 43324
A14: 43325
... A32: 43343

Sheet MELASSO
A1: data | B1: carico | C1: scarico | D1: esistenza | E1: MELASSO %
A2: 43313 | B2: 15000 | D2: 9761
A3: 43314
A4: 43315
A5: 43316
A6: 43317
A7: 43318
A8: 43319
A9: 43320
A10: 43321
A11: 43322
A12: 43323
A13: 43324
A14: 43325
... A32: 43343

Sheet LIQURIZA LM
A1: data | B1: carico | C1: scarico | D1: esistenza | E1: LIQ LM
A2: 43313 | B2: 300 | D2: 5000 | E2: 5000
A3: 43314
A4: 43315
A5: 43316
A6: 43317
A7: 43318
A8: 43319
A9: 43320
A10: 43321
A11: 43322
A12: 43323
A13: 43324
A14: 43325
... A32: 43343

Sheet Liquirizia ITA
A1: data | B1: carico | C1: scarico | D1: esistenza | E1: liquirizia ITA
A2: 43313 | B2: 600 | D2: 1800 | E2: 5250
A3: 43314
A4: 43315
A5: 43316
A6: 43317
A7: 43318
A8: 43319
A9: 43320
A10: 43321
A11: 43322
A12: 43323
A13: 43324
A14: 43325
... A32: 43343

Sheet GLUCOSIO
A1: data | B1: carico | C1: scarico | D1: esistenza | E1: GLUCOSIO
A2: 43313 | B2: 7780 | D2: 10291 | E2: 10291
A3: 43314
A4: 43315
A5: 43316
A6: 43317
A7: 43318
A8: 43319
A9: 43320
A10: 43321
A11: 43322
A12: 43323
A13: 43324
A14: 43325
... A32: 43343

Sheet maltodestrina 01910
A1: esistenza | B1: 750

Sheet ZUCCHEROCARAMELLO
A1: data | B1: carico | C1: scarico | D1: esistenza | E1: Z semolato | F1: data | G1: carico | H1: scarico | I1: esistenza | J1: CARAMELLO
A2: 43313 | B2: 8500 | D2: 7442 | E2: 8500 | F2: 43313 | G2: 3200 | I2: 1090 | J2: 2000
A3: 43314 | F3: 43314
A4: 43315 | F4: 43315
A5: 43316 | F5: 43316
A6: 43317 | F6: 43317
A7: 43318 | F7: 43318
A8: 43319 | F8: 43319
A9: 43320 | F9: 43320
A10: 43321 | F10: 43321
A11: 43322 | F11: 43322
A12: 43323 | F12: 43323
A13: 43324 | F13: 43324
A14: 43325 | F14: 43325
... A32: 43343 | F32: 43343

Sheet CARBONE
A1: ESISTENZA | B1: 500

Sheet LESD
A1: data | B1: carico | C1: scarico | D1: esistenza | E1: LESD
A2: 43313 | B2: 617 | D2: 150 | E2: 300
A3: 43314
A4: 43315
A5: 43316
A6: 43317
A7: 43318
A8: 43319
A9: 43320
A10: 43321
A11: 43322
A12: 43323
A13: 43324
A14: 43325
... A32: 43343

Sheet DESTrINA
A2: ESISTENZA | B2: 1800

Sheet riepilogo crucotto
A1: =TODAY() -> 46091 | B1: ESISTENZA
A2: LIQUIRIZIA MF BGG | B2: ='LIQUIRIZIA MF'!D2 -> 5960 | C2: KG
A3: LIQUIRIZIA LWM BGG | B3: ='LIQURIZA LM'!D2 -> 5000 | C3: KG
A4: LIQUIRIZIA ITALIA | B4: ='Liquirizia ITA'!D2 -> 1800 | C4: KG
A5: MELASSO | B5: =MELASSO!D2 -> 9761 | C5: KG
A6: ZUCCHERO SEMOLATO | B6: =ZUCCHEROCARAMELLO!E2 -> 8500 | C6: KG
A7: ZUCCHERO | B7: =ZUCCHEROCARAMELLO!D2 -> 7442 | C7: KG
A8: AMIDO FRUMENTO | B8: =DESTrINA!B2 -> 1800 | C8: KG
A9: CARAMELLO | B9: =ZUCCHEROCARAMELLO!I2 -> 1090 | C9: KG
A10: GLUCOSIO | B10: =GLUCOSIO!D2 -> 10291 | C10: KG
A11: LESD | B11: =LESD!D2 -> 150 | C11: KG

Sheet SITUAZIONE GENERALE SCORTE
A1: DATA ODIERNA | B1: LIQUIRIZIA MF (matrin free) | C1: LIQUIRIZIA LM (low matrin) | D1: liquirizia ITA SPERLARI | E1: MELASSO | F1: GLUCOSIO | G1: LESD | H1: ZUCCHERO | I1: CARAMELLO | J1: MALTODESTINA 01910 | K1: DESTRINA | L1: CARBONE
A2: =TODAY() -> 46091 | B2: ='LIQUIRIZIA MF'!E2 -> 0 | C2: ='LIQURIZA LM'!D2 -> 5000 | D2: ='Liquirizia ITA'!D2 -> 1800 | E2: =MELASSO!D2 -> 9761 | F2: =GLUCOSIO!D2 -> 10291 | G2: =LESD!D2 -> 150 | H2: =ZUCCHEROCARAMELLO!D2 -> 7442 | I2: =ZUCCHEROCARAMELLO!I2 -> 1090 | J2: ='maltodestrina 01910'!B1 -> 750 | K2: =DESTrINA!B2 -> 1800 | L2: =CARBONE!B1 -> 500
B44: aggiornato | C44: 46091
